Kirjauspaiva;Maksupäivä;Summa;Tapahtumalaji;Maksaja;Saajan nimi;Saajan tilinumero;Saajan BIC-tunnus;Viitenumero;Viesti;Arkistointitunnus
30.11.2020;29.11.2020;+100,00;TILISIIRTO;ELLA ORVOKKI KULTALAHTI;Ruokatili;FI64 3939 0059 4516 33 ;SBANFIHHXXX;-;.;20201130390652274847
30.11.2020;29.11.2020;+100,00;TILISIIRTO;JUHO TAPIO KUNNAS;Yhteinen Tili;FI64 3939 0059 4516 33 ;SBANFIHHXXX;-;rahaa;20201130390652273954
27.11.2020;26.11.2020;-22,90;KORTTIOSTO;ELLA KULTALAHTI;YA Toolo;-;-;-;431871******0909 201126968691;20201127392990539733
25.11.2020;24.11.2020;-0,30;KORTTIOSTO;ELLA KULTALAHTI;ALKO ESPOO LEPPAVAARA SEL;-;-;-;431871******9149 201124832927;20201125392990586326
25.11.2020;24.11.2020;-39,13;KORTTIOSTO;ELLA KULTALAHTI;K CITYMARKET ESPOO LEPPAV;-;-;-;431871******9149 201124239605;20201125392990483198
25.11.2020;24.11.2020;-7,38;KORTTIOSTO;ELLA KULTALAHTI;Prisma Sello;-;-;-;431871******9149 201124363126;20201125392990121263
23.11.2020;22.11.2020;-4,85;KORTTIOSTO;ELLA KULTALAHTI;K market Reimarla;-;-;-;431871******0909 201122577217;20201123392991979413
23.11.2020;19.11.2020;-14,98;KORTTIOSTO;ELLA KULTALAHTI;Alko Oy EC9703350;-;-;-;431871******9149 201119654798;20201123392990409180
23.11.2020;19.11.2020;-16,05;KORTTIOSTO;ELLA KULTALAHTI;K supermarket Postitalo;-;-;-;431871******9149 201119512134;20201123392990317941
19.11.2020;18.11.2020;-3,08;KORTTIOSTO;ELLA KULTALAHTI;K market Reimarla;-;-;-;431871******0909 201118953994;20201119392990472355
18.11.2020;18.11.2020;-9,16;E-LASKU;KULTALAHTI ELLA;Lumo Energia Oyj;FI67 5780 3820 1181 06 ;OKOYFIHH;00000000000013218669;-;20201118392900057607
16.11.2020;14.11.2020;-13,00;KORTTIOSTO;ELLA KULTALAHTI;VFI*Sefay Tmi;-;-;-;431871******9149 201114007112;20201116392991354526
16.11.2020;14.11.2020;-42,13;KORTTIOSTO;ELLA KULTALAHTI;Prisma Sello;-;-;-;431871******9149 201114072284;20201116392990782117
13.11.2020;11.11.2020;-9,00;KORTTIOSTO;ELLA KULTALAHTI;Moi;-;-;-;431871******9149 201111462452;20201113392990564219
12.11.2020;10.11.2020;-15,00;KORTTIOSTO;ELLA KULTALAHTI;VFI*Lere Oy Espoo;-;-;-;431871******9149 201110007093;20201112392990696315
11.11.2020;10.11.2020;-4,08;KORTTIOSTO;ELLA KULTALAHTI;LIDL ESPOO   SELLO;-;-;-;431871******9149 201110831601;20201111392990606679
11.11.2020;10.11.2020;-21,99;KORTTIOSTO;ELLA KULTALAHTI;K CITYMARKET ESPOO LEPPAV;-;-;-;431871******9149 201110062364;20201111392990447528
10.11.2020;10.11.2020;+0,04;MAKSUTAPAETU;SATAKUNTA;ELLA KULTALAHTI;FI64 3939 0059 4516 33;SBAN FI HH;-;-;20201110392961025998
09.11.2020;08.11.2020;-1,25;KORTTIOSTO;ELLA KULTALAHTI;K market Reimarla;-;-;-;431871******9149 201108347374;20201109392991919847
09.11.2020;06.11.2020;-10,60;KORTTIOSTO;ELLA KULTALAHTI;Burger King Ruoholahti Hk;-;-;-;431871******0909 201106929316;20201109392991111409
09.11.2020;06.11.2020;-5,18;KORTTIOSTO;ELLA KULTALAHTI;K CITYMARKET HELSINKI RUO;-;-;-;431871******9149 201106788994;20201109392991052599
09.11.2020;06.11.2020;-10,48;KORTTIOSTO;ELLA KULTALAHTI;VERKKOKAUPPA.COM MYYMALAT;-;-;-;431871******0909 201106007070;20201109392990536377
06.11.2020;06.11.2020;-539,78;E-LASKU;KULTALAHTI ELLA;Aalto-yliopiston ylioppilaskunta;FI78 3131 1001 1779 34 ;HANDFIHH;00000000000000714820;-;20201106392900177447
05.11.2020;04.11.2020;-79,35;KORTTIOSTO;ELLA KULTALAHTI;K CITYMARKET ESPOO LEPPAV;-;-;-;431871******9149 201104947693;20201105392990621233
04.11.2020;04.11.2020;-16,60;E-LASKU;KULTALAHTI ELLA;DNA Oyj;FI38 1660 3001 0146 64 ;NDEAFIHH;12012247630026549932;-;20201104392900118664
02.11.2020;02.11.2020;-1270,08;TILISIIRTO;JUHO KUNNAS;KELA;FI81 8000 1001 3749 26 ;DABAFIHH;00000000005437972201;-;20201102392902108391
02.11.2020;01.11.2020;-1,58;KORTTIOSTO;ELLA KULTALAHTI;Alepa Otaniemi uusi;-;-;-;431871******9149 201101037151;20201102392991833062
02.11.2020;02.11.2020;+252,76;OPINTOTUKI;KANSANELÄKELAITOS;Kunnas Juho Tapio;FI64 3939 0059 4516 33 ;SBANFIHH;-;OPINTOTUKI;20201102390651617089
02.11.2020;02.11.2020;+252,76;OPINTOTUKI;KANSANELÄKELAITOS;Kultalahti Ella Orvokki;FI64 3939 0059 4516 33 ;SBANFIHH;-;OPINTOTUKI;20201102390651616752
02.11.2020;02.11.2020;+423,36;TUKI/ETUUS;KANSANELÄKELAITOS;Kunnas Juho Tapio;FI64 3939 0059 4516 33 ;SBANFIHH;-;ASUMISTUKI;20201102390651565816
02.11.2020;30.10.2020;-7,94;KORTTIOSTO;ELLA KULTALAHTI;K market Kisahalli;-;-;-;431871******9149 201030032063;20201102392991097552
02.11.2020;30.10.2020;-92,20;KORTTIOSTO;ELLA KULTALAHTI;VFI*Ravintola Kuu Oy;-;-;-;431871******9149 201030007038;20201102392990693935
02.11.2020;29.10.2020;-2,95;KORTTIOSTO;ELLA KULTALAHTI;YLVA Palvelut Oy;-;-;-;431871******9149 201029397130;20201102392990492533
02.11.2020;29.10.2020;-79,20;KORTTIOSTO;ELLA KULTALAHTI;K CITYMARKET ESPOO LEPPAV;-;-;-;431871******9149 201029792312;20201102392990375176
